,Title,Published_date,Views,Likes,Comments,Month
0,Study plan to crack FAANG job interviews | FAANG interview preparation guide,2022-08-06,30778,1380,62,Aug
1,Stop Words: NLP Tutorial For Beginners - 16,2022-08-04,1546,65,14,Aug
2,Pandas Memory Optimization Tips,2022-08-01,3464,191,12,Aug
3,What exactly is insights to space ratio in BI dashboard?,2022-07-27,2583,118,4,Jul
4,Text Representation Using Bag Of Words (BOW): NLP Tutorial For Beginners - 15,2022-07-25,3718,91,15,Jul
5,Data Analytics Live Q&A - 24th July,2022-07-24,7374,250,20,Jul
6,The Learning Resource That Helped People Crack Job Interviews at Meta and Walmart,2022-07-21,7498,202,16,Jul
7,What Learners Think About Codebasics Data Analytics Course?,2022-07-15,7128,188,67,Jul
8,Text Representation: Label & One Hot Encoding: NLP Tutorial For Beginners - 14,2022-07-14,2444,98,15,Jul
9,How to Design an Effective Data Visualization Dashboard?,2022-07-09,7092,307,17,Jul
10,What are the features in machine learning?,2022-07-07,3279,140,15,Jul
11,Resume Tips: Interests and Hobbies Section,2022-07-06,4127,199,4,Jul
12,Data Visualization Tip: Provide a Context,2022-07-04,4062,204,7,Jul
13,Text Representation Basics: NLP Tutorial For Beginners - 13,2022-07-01,3322,132,9,Jul
14,Resume Tip: Use STAR Method to Describe Project Experience,2022-06-30,5357,322,3,Jun
15,Deepnote = Jupyter notebook for collaboration ü§ù | Deepnote Tutorial,2022-06-29,3799,151,12,Jun
16,Resume Tip: Concrete Proof Over a Vague Claim,2022-06-27,5286,230,4,Jun
17,Data Visualization Tip: Start Your Chart With ZERO,2022-06-25,6723,383,11,Jun
18,Data Visualization Tip - What is Ribbon chart?,2022-06-23,5916,320,13,Jun
19,Python Course is LIVE now üî•üî•üî•,2022-06-21,15361,537,152,Jun
20,Data Visualization Tip - Pie Chart or Bar Chart?,2022-06-15,6222,345,19,Jun
21,Data Analyst & Software Engineer Resume Tips and Templates,2022-06-11,16531,658,42,Jun
22,Data Analytics Live Q&A,2022-06-05,9820,318,24,Jun
23,Named Entity Recognition (NER): NLP Tutorial For Beginners - 12,2022-06-03,6142,191,25,Jun
24,A Killer Update In Power BI üî•,2022-05-31,25046,987,20,May
25,Scholarship For Codebasics Data Analytics Course,2022-05-28,17877,607,138,May
26,Data Analytics In Power BI Tutorials For Beginners: The Course is now LIVE üöÄ,2022-05-26,20011,550,149,May
27,Must have skill for exploratory data analysis.,2022-05-21,14198,594,25,May
28,Data science skills 10 years from now!,2022-05-16,20050,942,40,May
29,Part Of Speech POS Tagging: NLP Tutorial For Beginners - 11,2022-05-14,6342,193,24,May
30,Future of NLP Jobs,2022-05-11,11472,554,24,May
31,How do I learn the GIT version control system easily?,2022-05-09,8563,403,15,May
32,Stemming and Lemmatization: NLP Tutorial For Beginners - 10,2022-05-07,8354,252,20,May
33,Future of data science jobs,2022-05-05,43195,2268,60,May
34,Do you have a fear of coding? Try this!,2022-05-02,21268,1122,45,May
35,"Preparing Kids For Data Science, AI Career | Don't Spoil Their Childhood!",2022-04-29,79051,1873,208,Apr
36,Language Processing Pipeline in Spacy: NLP Tutorial For Beginners - 9,2022-04-26,8121,227,19,Apr
37,From an Intern to a CEO in 4 years,2022-04-22,10576,283,26,Apr
38,Tokenization in Spacy: NLP Tutorial For Beginners - 8,2022-04-20,10088,360,23,Apr
39,The New Beginning,2022-04-15,33184,2061,290,Apr
40,The END of the Journey,2022-04-09,59949,3549,566,Apr
41,USA vs Canada For Masters Studies,2022-04-06,20449,605,83,Apr
42,Spacy vs NLTK: NLP Tutorial For Beginners In Python - 7,2022-04-01,12595,436,23,Apr
43,How can you find the best career for yourself? Finding your IKIGAI,2022-03-28,19888,687,79,Mar
44,NLP Pipeline: NLP Tutorial For Beginners In Python - 6,2022-03-26,21799,516,37,Mar
45,NVIDIA GTC & A Giveaway!,2022-03-19,5727,217,74,Mar
46,My YouTube Setup Upgrades,2022-03-17,3477,115,15,Mar
47,The most common mistake by a new programmer!,2022-03-12,15638,798,33,Mar
48,The Great Career Transition Era Has Arrived | You Can Do Anything,2022-03-08,20784,941,80,Mar
49,How to build domain knowledge,2022-03-04,29325,1118,83,Mar
50,What is Metaverse? Metaverse Career Opportunities,2022-02-26,33649,992,55,Feb
51,Upcoming in-person meetup,2022-02-22,7137,174,20,Feb
52,NLP Tasks: NLP Tutorial For Beginners In Python - 5,2022-02-19,16787,407,30,Feb
53,"Reality behind data science, machine learning jobs",2022-02-16,395498,20625,193,Feb
54,Business Degree To Data Science At Amazon & Google | Sundas' Inspirational Story @Sundas Khalid,2022-02-12,78955,1689,71,Feb
55,Code Monkey Mindset,2022-02-09,12547,670,20,Feb
56,Three Category Of Techniques for NLP : NLP Tutorial For Beginners In Python - 4,2022-02-06,20591,553,27,Feb
57,Is Python A Slow Language?,2022-02-05,19405,1109,52,Feb
58,Aim Higher | Job Search Advice,2022-02-02,15702,981,34,Feb
59,Regex For NLP: NLP Tutorial For Beginners In Python - 3,2022-01-29,42992,1063,60,Jan
60,Why NLP is booming right now? | NLP Tutorial For Beginners In Python - 2,2022-01-27,43792,1051,44,Jan
61,Not getting enough time to learn data science? Here is the time savings tip!,2022-01-26,22908,1072,24,Jan
62,Introduction | NLP Tutorial For Beginners In Python  -  1,2022-01-22,85653,2151,98,Jan
63,Codebasics Coding Competition: üí• ùêÇùêéùêÉùêÑ-ùêÄ-ùêìùêáùêéùêç üí•,2022-01-21,4789,169,17,Jan
64,Data Engineering Interview Tips By Airbnb Data Engineer | Part 2,2022-01-15,20615,545,29,Jan
65,Why I love Python?,2022-01-12,9001,525,34,Jan
66,Data Engineering Career Tips By Airbnb Data Engineer | Part 1,2022-01-09,59491,1595,52,Jan
67,Data Science Masters In USA - Live Q&A,2022-01-02,11843,395,22,Jan
68,Is Auto ML going to kill data science jobs?,2021-12-29,37833,1019,49,Dec
69,Simple explanation of Modified Z Score | Modified Z Score to detect outliers with python code,2021-12-25,8857,261,26,Dec
70,Masters in Physics to Data Scientist Career Transition Story,2021-12-21,20712,742,87,Dec
71,Single tip to make fast progress in your job | Skyrocket your career with this single tip,2021-12-16,13256,576,35,Dec
72,5x your productivity with this single app: Notion | How I use notion to manage my youtube channel,2021-12-10,11729,247,30,Dec
73,Step by step process of thinking like a data analyst | How a data analyst thinks,2021-12-04,29890,1200,93,Dec
74,Regular Expression Tutorial Python | Python Regex Tutorial,2021-12-01,34058,1138,75,Dec
75,"The real importance of a degree in data science, software engineering interview",2021-11-30,38361,1523,34,Nov
76,Common mistakes junior programmers make | Programming tips,2021-11-27,18201,605,49,Nov
77,When you say YES to something you are saying NO to something else.,2021-11-25,12201,411,16,Nov
78,"Live Q&A: Data Science, ML. Ft: Anuj Gupta (Head of Machine Learning @ Vahan Inc, NLP Book Author)",2021-11-20,7278,227,11,Nov
79,Data Science Projects For Resume | Machine Learning Projects With Source Code,2021-11-13,207363,7425,137,Nov
80,Statistics Books For Data Science and Machine Learning,2021-11-10,24749,780,58,Nov
81,Free datasets for machine learning and data science projects,2021-11-07,14780,634,32,Nov
82,Data Engineer At Grubhub After 6 Years Of Career Break,2021-11-02,18385,478,60,Nov
83,He won 21000 $ (15 Lakh INR) for finding a bug in a live hacking event | bug bounty,2021-10-28,20472,741,41,Oct
84,Interview Tips With @Gaurav Sen‚Äã,2021-10-24,8928,257,14,Oct
85,Machine Learning Tutorial Python - 21: Ensemble Learning - Bagging,2021-10-22,29477,785,66,Oct
86,Machine Learning Tutorial Python - 20: Bias vs Variance In Machine Learning,2021-10-19,22550,796,48,Oct
87,Lawyer to a Software Engineer At Google,2021-10-16,13295,515,70,Oct
88,NVIDIA GTC 21 & a Giveaway !,2021-10-12,6785,279,258,Oct
89,Machine Learning Tutorial Python - 19: Principal Component Analysis (PCA) with Python Code,2021-10-09,57601,1324,77,Oct
90,Machine Learning Tutorial Python - 18: K nearest neighbors classification with python code,2021-10-06,50961,973,62,Oct
91,How do I transition from software development to data science?,2021-10-04,9573,336,52,Oct
92,"What is Hypothesis Testing ? Math, Statistics for data science, machine learning",2021-10-02,33010,1147,88,Oct
93,Deep learning project end to end | Potato Disease Classification - 8 : Mobile App in React Native,2021-09-27,16246,278,33,Sep
94,How do I transition from software testing to data science?,2021-09-25,22301,588,72,Sep
95,Career Gap and Now a Machine Learning Engineer At Sony,2021-09-18,13206,352,58,Sep
96,Simple explanation of A/B Testing,2021-09-15,23333,702,35,Sep
97,Deep learning project end to end | Potato Disease Classification - 7 : Model Deployment To GCP,2021-09-12,14564,224,35,Sep
98,Deep learning project end to end | Potato Disease Classification - 6 : ImageDataGenerator API,2021-09-11,12553,192,16,Sep
99,18 Lakh Per Annum Job Offer As a Data Science Fresher | Geology to Data Science,2021-09-08,149602,4679,228,Sep
100,How to code faster - 7 tips to improve code development speed,2021-09-04,8619,395,27,Sep
101,"Salary Negotiation Tips levels.fyi founder (Ex Linkedin, Amazon Engineer)",2021-08-29,12352,246,14,Aug
102,"Text Classification Using BERT & Tensorflow | Deep Learning Tutorial 47 (Tensorflow, Keras & Python)",2021-08-28,53086,993,84,Aug
103,"Resume tips from levels.fyi founder (Ex Linkedin, Amazon Engineer) | Part 1",2021-08-28,7392,208,14,Aug
104,"Importance of Data Structures, Algorithms and Competitive Coding In Data Science Career",2021-08-27,22206,819,72,Aug
105,Deep learning project end to end | Potato Disease Classification - 5 : Website (In React JS),2021-08-26,17042,296,55,Aug
106,Deep learning project end to end | Potato Disease Classification - 4 : FastAPI/tf serving Backend,2021-08-25,29595,375,69,Aug
107,Deep learning project end to end | Potato Disease Classification - 3 : Model Building,2021-08-24,37052,650,102,Aug
108,"Deep learning project end to end | Potato Disease Classification - 2 :Data collection, preprocessing",2021-08-23,59449,1420,96,Aug
109,Deep learning project end to end | Potato Disease Classification Using CNN - 1 : Problem Statement,2021-08-22,80180,1815,97,Aug
110,FastAPI Tutorial | FastAPI vs Flask,2021-08-18,30345,823,43,Aug
111,I am really sorry about this!,2021-08-16,44005,1423,68,Aug
112,Is age a barrier to learn data science?,2021-08-14,35258,1382,118,Aug
113,"Quantization in deep learning | Deep Learning Tutorial 49 (Tensorflow, Keras & Python)",2021-08-14,16103,595,78,Aug
114,Do you need a college degree for data science or coding career?,2021-08-11,11778,567,75,Aug
115,"He has worked for Facebook, Google, Microsoft AI Research Teams | Data Scientist",2021-08-07,11934,362,35,Aug
116,"tf serving tutorial | tensorflow serving tutorial | Deep Learning Tutorial 48 (Tensorflow, Python)",2021-08-05,19921,423,31,Aug
117,What is Self Supervised Learning?,2021-08-04,9742,267,19,Aug
118,How Kaggle Helped Him Become ML Engineer With Mechanical Engineer Degree,2021-07-31,90673,2808,134,Jul
119,3 ways you can switch to a data science career from non technical background,2021-07-27,32678,797,112,Jul
120,"Text Classification Using BERT & Tensorflow | Deep Learning Tutorial 47 (Tensorflow, Keras & Python)",2021-07-24,14585,388,76,Jul
121,"What is BERT? | Deep Learning Tutorial 46 (Tensorflow, Keras & Python)",2021-07-22,85823,3198,149,Jul
122,250 to 650 People During Pandemic | Hypergrowth Story of Bacancy Technology,2021-07-20,4628,93,4,Jul
123,"Cosine similarity, cosine distance explained | Math, Statistics for data science, machine learning",2021-07-15,20746,605,37,Jul
124,Not getting interview calls? Try these 3 effective tips,2021-07-12,30146,1345,149,Jul
125,Mumbai freelancer earns 3 lakh INR a month with data engineering,2021-07-10,108013,3063,144,Jul
126,"sin cos tan explained. Explanation using real life example | Math, Statistics for data science",2021-07-08,16942,587,32,Jul
127,He got 4 data analyst job offers | Mechanical engineer to data analyst,2021-07-05,83995,2122,119,Jul
128,Practical AI: Is it all about building models | Conversation with head of machine learning @Vahan,2021-07-03,8310,285,37,Jul
129,How useful are certificates to get a data science job?,2021-06-30,33611,928,184,Jun
130,"He cracked FAANG interviews in 10 companies including Amazon, Facebook, UBER, Microsoft",2021-06-19,606712,13060,619,Jun
131,Optimize Tensorflow Pipeline Performance: prefetch & cache | Deep Learning Tutorial 45 (Tensorflow),2021-06-15,14276,442,35,Jun
132,How amazon uses data science? | Woman in data science | Career tips from Amazon Data Scientist,2021-06-12,57739,1482,120,Jun
133,"Tensorflow Input Pipeline | tf Dataset | Deep Learning Tutorial 44 (Tensorflow, Keras & Python)",2021-06-10,39640,944,57,Jun
134,3 Most Important Skills to Become A Data Scientist,2021-06-06,118774,1791,160,Jun
135,Crypto & Blockchain Live,2021-06-05,4437,110,10,Jun
136,Distributed Training On NVIDIA DGX Station A100 | Deep Learning Tutorial 43 (Tensorflow & Python),2021-06-01,14123,345,40,Jun
137,How to build a software product and sell it for multimillion $$$? | Become a software entrepreneur,2021-05-29,9236,312,30,May
138,How I Learned Data Science | My Data Science Journey,2021-05-24,80795,3185,292,May
139,Data Science Internship LIVE Q&A With Tesla Data Science Intern,2021-05-22,22736,790,28,May
140,Word2Vec Part 2 | Implement word2vec in gensim |  | Deep Learning Tutorial 42 with Python,2021-05-21,35928,868,84,May
141,GPU Burn Test | NVIDIA DGX Station A100 Thermal Benchmark,2021-05-19,5777,119,10,May
142,Do you want to start a business or have entrepreneurship dreams? Here is the live guidance session,2021-05-16,4719,174,22,May
143,How do I stay updated in Data Science?,2021-05-15,17814,524,44,May
144,"Log normal distribution | Math, Statistics for data science, machine learning",2021-05-14,38706,985,57,May
145,Complete Roadmap for Machine Learning | ML Roadmap for Beginners,2021-05-11,126882,4636,229,May
146,Data Scientist & Software Engineer Salaries in 2021,2021-05-08,30070,539,47,May
147,"Descriptive vs Inferential Statistics | Math, Statistics for data science, machine learning",2021-05-05,19757,821,63,May
148,Live Data Science Q&A: Charity Stream To Help India Fight COVID,2021-05-02,3907,162,10,May
149,"Median, Mean, Mode, Percentile | Math, Statistics for data science, machine learning",2021-05-01,44069,1225,82,May
150,What is machine learning lifecycle? | What is Model Development Life Cycle (MDLC)? MDLC vs SDLC,2021-04-29,4179,174,14,Apr
151,"Normal Distribution and Z Score | Math, Statistics for data science, machine learning",2021-04-26,50408,1482,165,Apr
152,"What is Standard Deviation and Mean Absolute Deviation | Math, Statistics for data science, ML",2021-04-23,47860,1424,104,Apr
153,Introduction | Mathematics and statistics for data science and machine learning,2021-04-18,134956,3395,309,Apr
154,"What is logarithm? | Math, Statistics for data science, machine learning",2021-04-18,61560,1954,175,Apr
155,LIVE: Data Science Q&A,2021-04-17,11784,397,27,Apr
156,Business Analyst VS Data Analyst,2021-04-15,78894,2401,142,Apr
157,What is Edge AI? | What is edge computing?,2021-04-13,8690,302,26,Apr
158,FIRST LOOK: NVIDIA DGX Station A100 Unboxing,2021-04-12,35362,669,87,Apr
159,LIVE Data Analyst Q&A Ft. Alex The Analyst,2021-04-10,9689,424,29,Apr
160,Why bitcoin price is going up? | Why crypto going up?,2021-04-09,4337,155,35,Apr
161,"PHD in machine learning or data science, is it worth?",2021-04-08,18600,458,60,Apr
162,How bitcoin miners collect their reward? | How miners send mining reward in their digital wallet?,2021-04-05,26069,611,171,Apr
163,"What is Word2Vec? A Simple Explanation | Deep Learning Tutorial 41 (Tensorflow, Keras & Python)",2021-04-04,49324,1441,66,Apr
164,LIVE Data Science and Programming Q&A: Ft. Bhavesh Bhatt,2021-04-03,4694,190,12,Apr
165,He completed his data science masters in USA for FREE!,2021-04-01,29258,630,21,Apr
166,Join with me to attend FREE AI Conference NVIDIA GTC: April 12 to 16,2021-03-27,4435,175,190,Mar
167,LIVE Q&A: Data science transition from non technical background,2021-03-26,5201,175,8,Mar
168,"Word embedding using keras embedding layer | Deep Learning Tutorial 40 (Tensorflow, Keras & Python)",2021-03-24,30069,717,41,Mar
169,What is Bitcoin | How does bitcoin work | Easy Explanation of Bitcoin | Explain Bitcoin as If I am 5,2021-03-20,27662,713,93,Mar
170,How can you start learning data science from your school days?,2021-03-19,5051,137,57,Mar
171,Masters in data science or computer science with ML subjects? Which one is better?,2021-03-17,52796,933,155,Mar
172,How do I manage time for youtube channel and 9 to 6 job?,2021-03-14,9176,534,85,Mar
173,"Converting words to numbers, Word Embeddings | Deep Learning Tutorial 39 (Tensorflow & Python)",2021-03-13,30113,771,44,Mar
174,Mechanical Engineer To Data Analyst,2021-03-11,34656,848,57,Mar
175,Should I join startup OR a big mnc company OR pursue masters abroad ?,2021-03-09,6514,361,55,Mar
176,Ask me anything: LIVE Q&A,2021-03-07,4568,211,38,Mar
177,Masters in business analytics from Australia | Guidance and tips,2021-03-06,18772,487,47,Mar
178,Python Pandas Tutorial 15. Handle Large Datasets In Pandas | Memory Optimization Tips For Pandas,2021-03-04,19590,487,19,Mar
179,Petroleum Engineer To Data Scientist,2021-03-02,12953,288,25,Mar
180,"Bidirectional RNN | Deep Learning Tutorial 38 (Tensorflow, Keras & Python)",2021-02-28,23998,611,31,Feb
181,"Bug Wars Episode 1: Software Engineer VS a BUG, An Epic Battle, Star Wars Style",2021-02-27,4035,154,47,Feb
182,Why is Python slow?,2021-02-24,7493,432,65,Feb
183,Simple Explanation of GRU (Gated Recurrent Units) | Deep Learning Tutorial 37 (Tensorflow & Python),2021-02-21,39419,969,27,Feb
184,Conversation With a Python Steering Council Member,2021-02-20,2310,128,6,Feb
185,Learn DevOps Skills For Free Using KodeKloud Engineer,2021-02-17,15030,487,51,Feb
186,Data Science Masters in USA | Guidance and Tips,2021-02-14,48392,1515,75,Feb
187,Simple Explanation of Recursion | Recursion Python| Data Structures & Algorithms Tutorial Python #20,2021-02-13,49487,1613,113,Feb
188,QR Code In 10 lines of Python Code | Generate and Access QR Code Easily Using Python,2021-02-09,86590,1826,104,Feb
189,"Simple Explanation of LSTM | Deep Learning Tutorial 36 (Tensorflow, Keras & Python)",2021-02-06,180070,4504,208,Feb
190,Power BI Data Analytics Project: Personal Finance Dashboard,2021-01-30,61506,1485,155,Jan
191,Instagram automation with 10 lines of python code | Python Instagram BOT,2021-01-27,209140,5060,620,Jan
192,"Vanishing and exploding gradients | Deep Learning Tutorial 35 (Tensorflow, Keras & Python)",2021-01-23,33838,986,47,Jan
193,Parameters vs hyperparameters in machine learning,2021-01-21,13617,418,25,Jan
194,He got 5 internships and 2 job offers | Interview with Zomato machine learning engineer,2021-01-17,7496,268,56,Jan
195,Not getting any interview calls? Do this. |  How to get interview calls?,2021-01-16,37904,1271,133,Jan
196,Should I pursue data analyst masters in USA?,2021-01-15,19037,443,77,Jan
197,Types of RNN | Recurrent Neural Network Types | Deep Learning Tutorial 34 (Tensorflow & Python),2021-01-15,23604,602,14,Jan
198,"What is Recurrent Neural Network (RNN)? Deep Learning Tutorial 33 (Tensorflow, Keras & Python)",2021-01-12,123500,2689,119,Jan
199,Do this to get a data science job abroad,2021-01-10,71409,2319,162,Jan
200,"Going to USA for data science Or computer science masters, good idea?",2021-01-08,79812,3640,343,Jan
201,Object detection using YOLO v4 and pre trained model | Deep Learning Tutorial 32 (Tensorflow),2021-01-07,92593,1822,84,Jan
202,Bitcoin mining with 15 lines of python code Python Bitcoin Tutorial,2021-01-03,1047902,31074,3847,Jan
203,Data Scientist vs Machine Learning Engineer | DS vs ML,2021-01-02,65012,2307,135,Jan
204,Codebasics Hindi Channel | Codebasics ‡§π‡§ø‡§Ç‡§¶‡•Ä,2021-01-01,3816,192,36,Jan
205,"Skillbasics.com, a website for your tech learning! Wish you all a very happy new year !",2020-12-31,5999,462,90,Dec
206,Build language translator with 3 lines of python code,2020-12-30,53142,1336,148,Dec
207,Top 5 Programming Languages To Learn in 2021,2020-12-27,98028,1409,271,Dec
208,Can anyone learn coding? | How to learn coding faster?,2020-12-26,9393,547,102,Dec
209,"What is YOLO algorithm? | Deep Learning Tutorial 31 (Tensorflow, Keras & Python)",2020-12-25,280224,6300,198,Dec
210,Participate in codebasics contests and win prizes!,2020-12-24,2288,170,39,Dec
211,Life of a programmer in one word,2020-12-24,2729,151,28,Dec
212,"Sliding Window Object Detection | Deep Learning Tutorial 30 (Tensorflow, Keras & Python)",2020-12-23,23835,587,29,Dec
213,Tableau Data Analysis Project: Sales Insights : 6 - Feedback From Stakeholders & Profit Analysis,2020-12-21,28365,700,71,Dec
214,My YouTube setup (hardware and software) | Youtube Setup For Coding Channel,2020-12-20,9414,289,39,Dec
215,Tableau Data Analysis Project: Sales Insights :  5 - Build Tableau Dashboard,2020-12-19,56420,1289,102,Dec
216,Tableau Data Analysis Project: Sales Insights : 4 - Data Cleaning & ETL in Tableau,2020-12-18,44407,744,71,Dec
217,Tableau Data Analysis Project: Sales Insights : 3 - Data Analysis Using SQL,2020-12-17,70072,1148,104,Dec
218,Tableau Data Analysis Project: Sales Insights : 2 - Data Discovery,2020-12-16,46047,742,34,Dec
219,Tableau Data Analysis Project: Sales Insights : 1 - Problem Statement,2020-12-15,89092,1741,95,Dec
220,"200k Subscribers, Big announcement and Channel Update",2020-12-12,5286,362,86,Dec
221,Data science career tips from H20.ai machine learning engineer and a Kaggle expert,2020-12-11,9914,251,26,Dec
222,What is GPT3? | GPT3 demo,2020-12-08,20197,608,54,Dec
223,"Popular datasets for computer vision: ImageNet, Coco and Google Open images | Deep Learning 29",2020-12-07,27085,637,42,Dec
224,Oyo rooms data analyst will teach you how to get a data analyst internship,2020-12-06,52437,1942,109,Dec
225,"Learn coding in 3 months, step by step coding roadmap | How to learn to code for absolute beginners?",2020-12-01,516737,20995,701,Dec
226,Image classification vs Object detection vs Image Segmentation | Deep Learning Tutorial 28,2020-11-30,39385,991,33,Nov
227,He earned 1.5 lakh rs a month as a freelancer | Live session,2020-11-29,13520,523,32,Nov
228,"Project announcement to help blind people using Computer Vision, NLP & IOT",2020-11-28,4355,245,19,Nov
229,How to get software engineering internship | How to get programming Job,2020-11-28,21595,588,68,Nov
230,Selection Sort in python - Data Structures & Algorithms Tutorial Python #19,2020-11-27,24763,395,61,Nov
231,"Machine Learning Tutorial Python - 17: L1 and L2 Regularization | Lasso, Ridge Regression",2020-11-26,119147,2882,142,Nov
232,"Learn data analyst skills in 3 months, step by step | Complete data analyst roadmap in 2022",2020-11-25,1090431,40002,1209,Nov
233,"AI will kill all jobs in this world, really?",2020-11-24,16475,742,142,Nov
234,"Transfer Learning | Deep Learning Tutorial 27 (Tensorflow, Keras & Python)",2020-11-23,76677,1767,96,Nov
235,He became top rated freelancer in first 4 months on upwork | Data analyst freelancer,2020-11-22,317665,9125,492,Nov
236,Grocery Store Application - 6. List orders | Python project tutorial,2020-11-21,14990,198,18,Nov
237,Grocery Store Application - 5. Insert order functionality | Python project tutorial,2020-11-20,9723,108,17,Nov
238,Convert python file to exe in less than 2 minutes (.py to .exe),2020-11-20,45776,381,43,Nov
239,Grocery Store Application - 4. Products Frontend | Python project tutorial,2020-11-19,20245,259,29,Nov
240,Grocery Store Application - 3. Products Backend | Python project tutorial,2020-11-18,36589,550,65,Nov
241,Grocery Store Application - 2. Database Design | Python project tutorial,2020-11-17,50486,709,55,Nov
242,Grocery Store Application - 1. Overview | Python project tutorial,2020-11-16,69792,1315,64,Nov
243,Do you need help with live mock coding interviews?,2020-11-07,2821,117,22,Nov
244,Snake and apple game in python pygame - 1. Intro and create surface | Python project tutorial,2020-11-07,32209,622,67,Nov
245,Snake and apple game in python pygame - 2. Converting into OOP | Python project tutorial,2020-11-07,6721,150,12,Nov
246,Snake and apple game in python pygame - 3. Moving block with timer | Python project tutorial,2020-11-07,4344,79,3,Nov
247,Snake and apple game in python pygame - 4. Draw snake and apple | Python project tutorial,2020-11-07,3744,60,13,Nov
248,"Snake and apple game in python pygame - 5. Snake eats apple, find score | Python project tutorial",2020-11-07,7862,65,7,Nov
249,Snake and apple game in python pygame - 6. Game over logic | Python project tutorial,2020-11-07,3034,69,5,Nov
250,"Snake and apple game in python pygame - 7. Add background music,image | Python project tutorial",2020-11-07,4906,52,14,Nov
251,Snake and apple game in python pygame - 8. Convert python to exe | Python project tutorial,2020-11-07,9090,189,18,Nov
252,Organic Farm Visit in my Village,2020-11-04,6837,332,40,Nov
253,"Data augmentation to address overfitting | Deep Learning Tutorial 26 (Tensorflow, Keras & Python)",2020-11-01,59980,1249,104,Nov
254,Shell Sort - Data Structures & Algorithms Tutorial Python #18,2020-10-31,22829,407,34,Oct
255,Noise removal using AI: NVIDIA broadcast,2020-10-30,9047,322,78,Oct
256,"Convolution padding and stride | Deep Learning Tutorial 25 (Tensorflow2.0, Keras & Python)",2020-10-26,39469,1257,45,Oct
257,How to get a job after learning data science skills,2020-10-25,37325,1482,104,Oct
258,Image classification using CNN (CIFAR10 dataset) | Deep Learning Tutorial 24 (Tensorflow & Python),2020-10-24,254004,4252,256,Oct
259,Merge Sort - Data Structures & Algorithms Tutorial Python #17,2020-10-21,57419,1039,104,Oct
260,Step by step roadmap to learn data science in 6 months |  Complete data science roadmap,2020-10-17,605384,23624,1171,Oct
261,Simple explanation of convolutional neural network | Deep Learning Tutorial 23 (Tensorflow & Python),2020-10-14,430008,10141,556,Oct
262,How to ask technical questions in a right way?,2020-10-11,1940,138,45,Oct
263,"Applications of computer vision | Deep Learning Tutorial 22 (Tensorflow2.0, Keras & Python)",2020-10-08,46753,1639,49,Oct
264,How to become industry ready when you are in college,2020-10-06,6163,443,71,Oct
265,Surprise announcement for you all (MUST watch),2020-10-04,6434,309,78,Oct
266,How to build logic in programming | Tips to improving logic building in programming,2020-10-03,37536,1535,123,Oct
267,Insertion Sort - Data Structures & Algorithms Tutorial Python #16,2020-10-02,39801,692,65,Oct
268,Announcing Discord Server For Codebasics,2020-10-01,3652,224,50,Oct
269,Handling imbalanced dataset in machine learning | Deep Learning Tutorial 21 (Tensorflow2.0 & Python),2020-09-24,85988,2092,166,Sep
270,"Dropout Regularization | Deep Learning Tutorial 20 (Tensorflow2.0, Keras & Python)",2020-09-23,38204,1356,58,Sep
271,How to earn money by coding | Make money by programming,2020-09-22,148231,5210,268,Sep
272,Quick Sort - Data Structures & Algorithms Tutorial Python #15,2020-09-20,55544,1019,77,Sep
273,Bubble Sort - Data Structures & Algorithms Tutorial Python #14,2020-09-18,43181,1050,74,Sep
274,Binary Search - Data Structures & Algorithms Tutorial Python #13,2020-09-17,40641,788,73,Sep
275,Complete python roadmap | How to become an expert in python programming,2020-09-13,748974,26958,1019,Sep
276,"Precision, Recall, F1 score, True Positive|Deep Learning Tutorial 19 (Tensorflow2.0, Keras & Python)",2020-09-08,118552,3048,178,Sep
277,"Customer churn prediction using ANN | Deep Learning Tutorial 18 (Tensorflow2.0, Keras & Python)",2020-09-07,80680,1714,144,Sep
278,Data Analyst Career Guidance Live Q&A,2020-09-06,4683,235,19,Sep
279,How important is programming and machine learning for a Data Analyst?,2020-09-05,15577,721,68,Sep
280,8 Skills to get a data analyst job | Skills to become successful data analyst,2020-09-02,590278,21293,718,Sep
281,"GPU bench-marking with image classification | Deep Learning Tutorial 17 (Tensorflow2.0, Python)",2020-08-31,31044,869,83,Aug
282,Data Science In Biology | How a biologist became a data scientist,2020-08-30,8846,299,37,Aug
283,"Tensorboard Introduction | Deep Learning Tutorial 16 (Tensorflow2.0, Keras & Python)",2020-08-29,39996,989,54,Aug
284,How to pass a coding interview |Interview tips for software developer |Cracking the coding interview,2020-08-26,89979,2814,115,Aug
285,"Chain Rule | Deep Learning Tutorial 15 (Tensorflow2.0, Keras & Python)",2020-08-24,30094,1331,85,Aug
286,"Interview with a siemens data scientist, TEDx speaker | Vijay Pravin Maharajan",2020-08-23,5810,234,25,Aug
287,Graph Introduction - Data Structures & Algorithms Tutorials In Python #12,2020-08-22,99420,1970,149,Aug
288,Building 3500$ Deep Learning Workstation | Deep Learning PC build From Scratch,2020-08-20,28369,686,90,Aug
289,Stochastic Gradient Descent vs Batch Gradient Descent vs Mini Batch Gradient Descent |DL Tutorial 14,2020-08-18,70366,2093,176,Aug
290,"Implement Neural Network In Python | Deep Learning Tutorial 13 (Tensorflow2.0, Keras & Python)",2020-08-15,43922,905,64,Aug
291,"Loss or Cost Function | Deep Learning Tutorial 11 (Tensorflow Tutorial, Keras & Python)",2020-08-14,62674,1642,77,Aug
292,"Gradient Descent For Neural Network | Deep Learning Tutorial 12 (Tensorflow2.0, Keras & Python)",2020-08-14,77195,2162,239,Aug
293,"Matrix Basics | Deep Learning Tutorial 10 (Tensorflow Tutorial, Keras & Python)",2020-08-04,41276,1269,52,Aug
294,"Derivatives | Deep Learning Tutorial 9 (Tensorflow Tutorial, Keras & Python)",2020-08-01,46684,1567,152,Aug
295,NVIDIA TITAN RTX UNBOXING,2020-07-31,4263,168,49,Jul
296,Data science career tips from Ken Jee (Data scientist and a youtuber),2020-07-21,3887,166,21,Jul
297,"Activation Functions | Deep Learning Tutorial 8 (Tensorflow Tutorial, Keras & Python)",2020-07-20,98188,3751,133,Jul
298,Neural Network For Handwritten Digits Classification | Deep Learning Tutorial 7 (Tensorflow2.0),2020-07-18,180071,3382,375,Jul
299,"Pytorch vs Tensorflow vs Keras | Deep Learning Tutorial 6 (Tensorflow Tutorial, Keras & Python)",2020-07-17,97080,1677,41,Jul
300,"Install tensorflow 2.0 | Deep Learning Tutorial 5 (Tensorflow Tutorial, Keras & Python)",2020-07-16,124408,1161,144,Jul
301,"What is a Neural Network | Deep Learning Tutorial 4 (Tensorflow2.0, Keras & Python)",2020-07-14,168155,7054,841,Jul
302,"What is a neuron? | Deep Learning Tutorial 3 (Tensorflow Tutorial, Keras & Python)",2020-07-13,114068,5693,343,Jul
303,"Why deep learning is becoming so popular? | Deep Learning Tutorial 2 (Tensorflow2.0, Keras & Python)",2020-07-12,91166,1594,51,Jul
304,"Introduction | Deep Learning Tutorial 1 (Tensorflow Tutorial, Keras & Python)",2020-07-11,268139,4202,178,Jul
305,Sales Insights Data Analysis Project In Power BI - Part 9 - Build version 2 based on feedback,2020-07-06,39060,758,172,Jul
306,Conversation with my brother | Young Entrepreneur and CEO,2020-07-05,3061,153,34,Jul
307,Sales Insights Data Analysis Project In Power BI - Part 8 - Access dashboard in mobile application,2020-07-01,21386,510,32,Jul
308,Sales Insights Data Analysis Project In Power BI - Part 7 - Publish A Report,2020-06-30,28005,481,37,Jun
309,Is data science a hype? | Is data science a bubble?,2020-06-29,23554,719,119,Jun
310,Sales Insights Data Analysis Project In Power BI - Part 6 - Feedback From Stakeholders,2020-06-28,27107,625,51,Jun
311,Sales Insights Data Analysis Project In Power BI - Part 5 - Build Dashboard Or a Report,2020-06-27,69584,1190,187,Jun
312,Sales Insights Data Analysis Project In Power BI - Part 4 - Data Cleaning & ETL,2020-06-26,80899,1943,208,Jun
313,Sales Insights Data Analysis Project In Power BI - Part 3 - Data Analysis Using SQL,2020-06-25,115496,2498,234,Jun
314,Sales Insights Data Analysis Project In Power BI - Part 2 - Data Discovery,2020-06-24,96985,1443,70,Jun
315,Sales Insights Data Analysis Project In Power BI - Part 1 - Problem Statement,2020-06-23,206757,3678,185,Jun
316,Artificial Intelligence (AI) vs Machine Learning vs Deep Learning vs Data Science,2020-06-22,57434,1512,129,Jun
317,"Codebasics Live Q&A : 21 June, 2020",2020-06-21,2746,124,13,Jun
318,3 Books that will help you become successful,2020-06-18,2472,147,31,Jun
319,Data Science & Machine Learning Project - Part 8 Deployment & Exercise | Image Classification,2020-06-18,15091,499,70,Jun
320,Data Science & Machine Learning Project - Part 7 Build Website | Image Classification,2020-06-18,18532,176,29,Jun
321,Data Science & Machine Learning Project - Part 6 Flask Server | Image Classification,2020-06-16,19494,358,71,Jun
322,How B com graduate became a data analyst | Data analyst career transition,2020-06-15,139166,3827,300,Jun
323,Data Science & Machine Learning Project - Part 5 Training a Model | Image Classification,2020-06-15,20184,296,41,Jun
324,Data Science & Machine Learning Project - Part 4 Feature Engineering | Image Classification,2020-06-14,21946,355,50,Jun
325,"Data Science Interview Tips, Career Guidance With Ken Jee, Krish Naik, Data Professor & Codebasics",2020-06-14,7005,437,38,Jun
326,Data Science & Machine Learning Project - Part 3 Data Cleaning | Image Classification,2020-06-13,50883,1042,233,Jun
327,Data Science & Machine Learning Project - Part 2 Data Collection | Image Classification,2020-06-12,37849,541,42,Jun
328,Data Science & Machine Learning Project - Part 1 Introduction | Image Classification,2020-06-12,65804,1110,68,Jun
329,Is Becoming a Data Scientist Hard?,2020-06-11,39434,1594,102,Jun
330,Data Analyst Interview & Job Tips With A Data Analyst | Mechanical Engineer to Data Analyst,2020-06-09,55075,1366,114,Jun
331,Data Analyst Resume Review Session | Review 27 Real Resumes For Data Analyst Position,2020-05-31,51412,1300,87,May
332,Preparing Vegetable Garden For Summer 2020,2020-05-30,2820,135,58,May
333,Outlier detection and removal using IQR | Feature engineering tutorial python # 4,2020-05-29,43883,929,115,May
334,"Outlier detection and removal: z score, standard deviation | Feature engineering tutorial python # 3",2020-05-28,62481,1389,104,May
335,"Career guidance, job tips with Amazon Engineer and Cox AI director Part 2",2020-05-26,1107,40,10,May
336,"Career guidance, job tips with Amazon Engineer and Cox AI director Part 1",2020-05-26,2318,97,17,May
337,Outlier detection and removal using percentile | Feature engineering tutorial python # 2,2020-05-26,82617,1578,120,May
338,What is feature engineering | Feature Engineering Tutorial Python # 1,2020-05-25,80343,1369,69,May
339,Binary Tree Part 2 | BST | Binary Search Tree - Data Structures & Algorithms Tutorials In Python #11,2020-05-21,46105,1019,160,May
340,Binary Tree Part 1 | BST | Binary Search Tree - Data Structures & Algorithms Tutorials In Python #10,2020-05-19,122293,2025,145,May
341,Conversation With Krish Naik,2020-05-17,22782,867,113,May
342,Silver Button & A Big Thanks!,2020-05-16,3223,320,111,May
343,How a mechanical engineer became a data analyst,2020-05-11,54613,1406,161,May
344,How to get programming experience without having a job | 5 Tips on getting real coding experience,2020-05-10,20591,846,53,May
345,Can anyone learn coding?,2020-05-06,20831,977,120,May
346,Conversation with Amazon Data Scientist: Debjyoti Paul,2020-05-03,36574,905,93,May
347,How to learn anything effectively? | How to learn things effectively?,2020-04-30,132369,6006,174,Apr
348,Tree (General Tree) - Data Structures & Algorithms Tutorials In Python #9,2020-04-27,148090,2742,185,Apr
349,Tips to improve programming skills,2020-04-25,13564,635,55,Apr
350,Queue - Data Structures & Algorithms Tutorials In Python #8,2020-04-19,81020,1378,101,Apr
351,Coding Best Practices With Examples | Code Review Best Practices,2020-04-17,24576,528,40,Apr
352,100K subscribers. Thanks For Your Support & Love!,2020-04-15,1302,135,133,Apr
353,How to learn coding for beginners | Learn coding for free | learn coding from scratch,2020-04-05,397821,9651,536,Apr
354,Stack - Data Structures & Algorithms Tutorial In Python #7,2020-03-31,121790,2465,125,Mar
355,Data analyst interview tips | How to prepare for data analyst interview,2020-03-28,130057,4202,127,Mar
356,Collision Handling In Hash Table - Data Structures & Algorithms Tutorials In Python #6,2020-03-22,89140,1824,175,Mar
357,Hash Table - Data Structures & Algorithms Tutorials In Python #5,2020-03-22,192547,4067,182,Mar
358,Linked List - Data Structures & Algorithms Tutorials in Python #4,2020-03-16,359511,7272,467,Mar
359,Data Analyst Resume Examples | Data Analyst Resume Sample,2020-03-13,57541,1404,86,Mar
360,Arrays - Data Structures & Algorithms Tutorials in Python #3,2020-03-12,214224,4021,241,Mar
361,Data Structures & Algorithms Tutorial in Python #1 - What are data structures?,2020-03-07,438881,7836,233,Mar
362,How my health struggle inspired me to start YouTube Channel?,2020-03-06,11690,1025,302,Mar
363,Big O notation - Data Structures & Algorithms Tutorial #2 | Measuring time complexity,2020-03-03,352094,7591,375,Mar
364,Deploy machine learning model to production AWS (Amazon EC2 instance),2020-02-24,54836,822,232,Feb
365,"Feb 22, 2020: Live Q&A With Codebasics",2020-02-22,2280,89,20,Feb
366,"Codebasics Live Q & A - Feb 19, 2020",2020-02-19,1652,83,26,Feb
367,How to switch career to data science from non computer science background,2020-02-16,126674,5233,442,Feb
368,What is ETL | What is Data Warehouse | OLTP vs OLAP,2020-02-15,263242,6870,310,Feb
369,How to learn data analyst skills for free | How to become a data analyst,2020-02-08,515595,23686,2594,Feb
370,Data Analyst vs Data Engineer vs Data Scientist,2020-02-01,139009,4239,258,Feb
371,Learn data science for beginners (How to learn data science for free)?,2020-01-21,229847,8402,439,Jan
372,Data Scientist Salary: How much a data scientist earn,2020-01-04,19113,356,53,Jan
373,Machine Learning & Data Science Project - 4 : Outlier Removal (Real Estate Price Prediction Project),2020-01-01,83539,979,161,Jan
374,Machine Learning & Data Science Project - 7 : Website or UI (Real Estate Price Prediction Project),2020-01-01,56219,881,204,Jan
375,Machine Learning & Data Science Project - 6 : Python Flask Server (Real Estate Price Prediction),2020-01-01,80792,667,282,Jan
376,Machine Learning & Data Science Project - 5 : Model Building (Real Estate Price Prediction Project),2020-01-01,79687,970,185,Jan
377,Machine Learning & Data Science Project - 3 : Feature Engineering (Real Estate Price Prediction),2020-01-01,82742,896,80,Jan
378,Machine Learning & Data Science Project - 2 : Data Cleaning (Real Estate Price Prediction Project),2020-01-01,160908,1998,215,Jan
379,Machine Learning & Data Science Project - 1 : Introduction (Real Estate Price Prediction Project),2020-01-01,193518,2269,77,Jan
380,How to become a data scientist for free? | Step by step approach to become data scientist,2019-12-15,52616,2359,236,Dec
381,What is Data Science? | Free Data Science Course | Data Science for Beginners | codebasics,2019-12-10,229434,3229,245,Dec
382,Machine Learning Tutorial Python - 16: Hyper parameter Tuning (GridSearchCV),2019-11-23,167213,4172,303,Nov
383,Machine Learning Tutorial Python - 15:  Naive Bayes Classifier Algorithm Part 2,2019-11-17,59635,1542,263,Nov
384,Machine Learning Tutorial Python - 14: Naive Bayes Classifier Algorithm Part 1,2019-11-16,120967,1804,120,Nov
385,"3. Deep Learning Tutorial (Tensorflow2.0, Keras & Python) - Movie Review Classification",2019-10-13,22365,396,141,Oct
386,"Channel Update: Hindi Channel, Health, Deep Learning",2019-10-06,3789,101,53,Oct
387,50k Subscribers and Channel Update!,2019-06-22,8032,105,130,Jun
388,"Deep Learning Tutorial With Python, Tensorflow & Keras - Neural Network For Image Classification",2019-05-27,40233,589,205,May
389,"Deep Learning Tutorial Python, Tensorflow And Keras: Introduction and Installation",2019-05-21,24950,410,57,May
390,Drinking Raw Goat Milk In India,2019-05-10,9343,130,61,May
391,9. For loop [Python 3 Programming Tutorials],2019-05-08,96027,1127,60,May
392,21. Generators [Python 3 Programming Tutorials],2019-05-08,17826,242,8,May
393,1. Install python on windows [Python 3 Programming Tutorials],2019-05-08,131209,1105,44,May
394,12.1 - Install Python Module (using pip) [Python 3 Programming Tutorials],2019-05-08,90519,656,51,May
395,13. Working With JSON [Python 3 Programming Tutorials],2019-05-08,66412,881,32,May
396,24. Command line argument processing using argparse [Python 3 Programming Tutorials],2019-05-08,27479,456,24,May
397,10. Functions [Python 3 Programming Tutorials],2019-05-08,81120,1097,50,May
398,8. If Statement [Python 3 Programming Tutorials],2019-05-08,84413,915,70,May
399,5. Lists [Python 3 Programming Tutorials],2019-05-08,99774,1239,50,May
400,7. Debug Python code using PyCharm [Python 3 Programming Tutorials],2019-05-08,85477,916,43,May
401,"14. if __name__ == ""__main__"" [Python 3 Programming Tutorials]",2019-05-08,59347,762,36,May
402,16. Class and Objects [Python 3 Programming Tutorials],2019-05-08,58178,943,53,May
403,2. Variables in python [Python 3 Programming Tutorials],2019-05-08,152064,1342,39,May
404,12. Modules [Python 3 Programming Tutorials],2019-05-08,63783,821,28,May
405,25. Decorators [Python 3 Programming Tutorials],2019-05-08,15049,284,39,May
406,11. Dictionaries and Tuples [Python 3 Programming Tutorials],2019-05-08,62286,715,66,May
407,23. Sets and Frozen Sets [Python 3 Programming Tutorials],2019-05-08,14111,215,10,May
408,6. Install PyCharm on Windows [Python 3 Programming Tutorials],2019-05-08,78741,677,30,May
409,19. Raise Exception And Finally [Python 3 Programming Tutorials],2019-05-08,19735,250,9,May
410,17. Inheritance [Python 3 Programming Tutorials],2019-05-08,29805,478,31,May
411,4. Strings [Python 3 Programming Tutorials],2019-05-08,104184,1117,57,May
412,20. Iterators [Python 3 Programming Tutorials],2019-05-08,20616,270,8,May
413,22. List Set Dict Comprehensions [Python 3 Programming Tutorials],2019-05-08,13684,215,5,May
414,15. Exception Handling [Python 3 Programming Tutorials],2019-05-08,45166,606,26,May
415,3. Numbers [Python 3 Programming Tutorials],2019-05-08,116847,1306,59,May
416,18. Multiple Inheritance [Python 3 Programming Tutorials],2019-05-08,17583,236,19,May
417,Machine Learning Tutorial Python - 13:  K Means Clustering Algorithm,2019-02-04,403156,7833,512,Feb
418,Machine Learning Tutorial Python 12 - K Fold Cross Validation,2019-01-26,231351,5257,514,Jan
419,Machine Learning Tutorial Python - 11  Random Forest,2018-12-23,222441,2971,313,Dec
420,Machine Learning Tutorial Python - 10  Support Vector Machine (SVM),2018-12-19,254059,3467,408,Dec
421,Machine Learning Tutorial Python - 9  Decision Tree,2018-11-17,312103,4392,796,Nov
422,Machine Learning Tutorial Python - 8  Logistic Regression (Multiclass Classification),2018-09-21,168301,2279,337,Sep
423,Machine Learning Tutorial Python - 8:  Logistic Regression (Binary Classification),2018-09-07,354089,5338,523,Sep
424,My Vegetable Garden,2018-09-02,3561,151,34,Sep
425,Machine Learning Tutorial Python - 7: Training and Testing Data,2018-08-09,314696,4936,318,Aug
426,Machine Learning Tutorial Python - 6: Dummy Variables & One Hot Encoding,2018-08-06,234032,3809,555,Aug
427,Machine Learning Tutorial Python - 5: Save Model Using Joblib And Pickle,2018-07-29,168352,2458,149,Jul
428,Machine Learning Tutorial Python - 4: Gradient Descent and Cost Function,2018-07-22,400792,6231,604,Jul
429,Machine Learning Tutorial Python - 3: Linear Regression Multiple Variables,2018-07-04,370639,5138,583,Jul
430,Machine Learning Tutorial Python - 2: Linear Regression Single Variable,2018-07-01,589802,8104,1066,Jul
431,Machine Learning Tutorial Python -1: What is Machine Learning?,2018-06-30,644309,7731,192,Jun
432,"Python Pandas Tutorial 14: Read Write Data From Database (read_sql, to_sql)",2018-05-05,149485,1869,151,May
433,Matplotlib Tutorial 7 - Save Chart To a File Using savefig,2018-01-01,39079,546,60,Jan
434,Matplotlib Tutorial 6 - Pie Chart,2017-12-10,62249,822,36,Dec
435,Matplotlib Tutorial 5 - Histograms,2017-12-08,87621,1081,56,Dec
436,Matplotlib Tutorial 4 - Bar Chart,2017-12-06,110077,1293,81,Dec
437,"Matplotlib Tutorial 3 - Axes labels, Legend, Grid",2017-12-03,81141,917,52,Dec
438,Matplotlib Tutorial 2 - format strings in plot function,2017-12-03,52065,661,33,Dec
439,Matplotlib Tutorial 1 - Introduction and Installation,2017-12-02,106247,1055,51,Dec
440,numpy tutorial: iterate numpy array using nditer | numpy nditer,2017-12-02,58415,1003,69,Dec
441,Pandas Time Series Analysis 6: Shifting and Lagging,2017-09-03,51239,665,50,Sep
442,Pandas Time Series Analysis 6: Timezone Handling,2017-08-27,26787,290,17,Aug
443,Pandas Time Series Analysis 5: Period and PeriodIndex,2017-08-14,39929,459,41,Aug
444,Pandas Time Series Analysis 4: to_datetime,2017-08-01,44990,499,31,Aug
445,Pandas Time Series Analysis 3: Holidays,2017-07-29,43600,593,57,Jul
446,Pandas Time Series Analysis Part 2: date_range,2017-07-22,67636,871,57,Jul
447,Pandas Time Series Analysis Part 1: DatetimeIndex and Resample,2017-07-15,159568,2300,158,Jul
448,Python Pandas Tutorial 13. Crosstab,2017-07-06,78640,1457,56,Jul
449,Python Pandas Tutorial 12. Stack Unstack,2017-07-02,68362,1208,52,Jul
450,5000 subscribers: Recap on channel history and future tutorials,2017-06-27,1473,95,27,Jun
451,Python Pandas Tutorial 11. Reshape dataframe using melt,2017-06-24,85464,1210,63,Jun
452,Python Pandas Tutorial 10. Pivot table,2017-06-04,183274,2604,128,Jun
453,Python Pandas Tutorial 9. Merge Dataframes,2017-05-27,177632,2856,181,May
454,Why Should You Learn Python? | Complete python3 tutorials for beginners,2017-05-23,288509,5823,124,May
455,Python Pandas Tutorial 8. Concat Dataframes,2017-05-14,138703,2079,83,May
456,Python Pandas Tutorial 7. Group By (Split Apply Combine),2017-03-26,246729,4027,263,Mar
457,Python Pandas Tutorial 6. Handle Missing Data: replace function,2017-02-26,142711,2936,140,Feb
458,"Python Pandas Tutorial 5: Handle Missing Data: fillna, dropna, interpolate",2017-02-17,284156,5375,272,Feb
459,Python Pandas Tutorial 4: Read Write Excel CSV File,2017-02-04,544578,7053,467,Feb
460,Python Pandas Tutorial 3: Different Ways Of Creating DataFrame,2017-01-31,225808,3440,86,Jan
461,Python Pandas Tutorial 2: Dataframe Basics,2017-01-28,563510,8522,412,Jan
462,Python Pandas Tutorial 1. What is Pandas python? Introduction and Installation,2017-01-21,815388,9107,353,Jan
463,Jupyter Notebook Tutorial / Ipython Notebook Tutorial,2017-01-15,90603,1388,133,Jan
464,What is Anaconda? Install Anaconda On Windows.,2017-01-14,139411,1341,65,Jan
465,What is Jupyter Notebook? | Jupyter Notebook Tutorial in Python,2017-01-09,311271,3829,120,Jan
466,"numpy tutorial - slicing/stacking arrays, indexing with boolean arrays",2016-12-28,114237,2462,86,Dec
467,numpy tutorial - basic array operations,2016-12-26,177969,2159,84,Dec
468,numpy tutorial - introduction | numpy array vs python list,2016-12-25,218338,1756,97,Dec
469,Python unit testing - pytest parameters,2016-12-23,31970,343,31,Dec
470,Python Decorators Tutorial,2016-12-19,90960,1856,147,Dec
471,Python unit testing - pytest fixtures,2016-12-17,78401,914,50,Dec
472,What is memory leak?,2016-12-13,53388,880,45,Dec
473,Python unit testing - skip/selectively run tests in pytest,2016-12-10,37016,323,25,Dec
474,Python unit testing - pytest introduction,2016-12-04,152219,926,69,Dec
475,What is code?,2016-12-03,29670,391,25,Dec
476,Python Tutorial - 31. Multiprocessing Pool (Map Reduce),2016-10-15,79090,1446,143,Oct
477,Python Tutorial - 30. Multiprocessing Lock,2016-09-29,50214,725,52,Sep
478,Python Tutorial - 29. Sharing Data Between Processes Using Multiprocessing Queue,2016-09-24,73486,958,64,Sep
479,Git Tutorial 8 - .gitignore file,2016-09-18,192039,2074,111,Sep
480,Python Tutorial - 28. Sharing Data Between Processes Using Array and Value,2016-09-17,69319,777,52,Sep
481,Python Tutorial - 27. Multiprocessing Introduction,2016-09-06,132882,1461,94,Sep
482,Difference between Multiprocessing and Multithreading,2016-09-05,195482,1927,70,Sep
483,Git Tutorial 9: Diff and Merge using meld,2016-08-21,57773,496,40,Aug
484,Git Tutorial 7: What is HEAD?,2016-08-20,54140,750,56,Aug
485,Git Github Tutorial 10: What is Pull Request?,2016-08-13,202253,3015,224,Aug
486,"Git Tutorial 6: Branches (Create, Merge, Delete a branch)",2016-08-10,209038,2379,164,Aug
487,Git Tutorial 5: Undoing/Reverting/Resetting code changes,2016-08-06,212645,2203,163,Aug
488,"Git Tutorial 4: Basic Commands: add, commit, push",2016-07-31,355155,3801,192,Jul
489,Git Tutorial 2 : What is Github? | github tutorial,2016-07-24,68671,637,29,Jul
490,Git Tutorial 1: What is git / What is version control system?,2016-07-23,106300,1264,61,Jul
491,Git Tutorial 3:  How To Install Git,2016-07-23,38285,249,17,Jul
492,Python Tutorial - 26. Multithreading - Introduction,2016-06-19,214989,2979,210,Jun
493,Debugging Tips - Watches and Call Stack,2016-06-02,6920,108,10,Jun
494,Debugging Tips - Conditional Breakpoint,2016-05-29,8588,154,10,May
495,Debugging Tips - What is bug and debugging?,2016-05-28,164092,1853,56,May
496,Python Tutorial - 25. Command line argument processing using argparse,2016-05-14,83127,984,102,May
497,Python Tutorial - 24. Sets and Frozen Sets,2016-05-08,18558,252,14,May
498,Python Tutorial - 23. List Set Dict Comprehensions,2016-05-02,17918,230,17,May
499,Python Tutorial - 22. Generators,2016-04-30,41818,428,31,Apr
500,Python Tutorial - 21. Iterators,2016-04-23,49849,438,42,Apr
501,Python Tutorial - 20. Raise Exception And Finally,2016-04-19,34092,222,24,Apr
502,Python Tutorial  - 19. Multiple Inheritance,2016-04-09,26226,234,17,Apr
503,Julia Tutorial - 10. Exception Handling,2016-04-03,3868,38,10,Apr
504,Julia Tutorial - 9. Tasks (a.k.a. Generators or Coroutines),2016-04-03,5892,50,9,Apr
505,Python Tutorial - 12.1 - Install Python Module (using pip),2016-04-01,77014,695,59,Apr
506,Julia Tutorial - 8. begin and (;) Compound Expressions,2016-03-28,4117,22,1,Mar
507,Python Tutorial  - 18. Inheritance,2016-03-27,44458,462,58,Mar
508,Julia Tutorial - 7. For While Loop,2016-03-22,6791,43,4,Mar
509,Julia Tutorial - 6. If Statement and Ternary Operator,2016-03-20,4894,30,1,Mar
510,Julia Tutorial - 5. Functions,2016-03-20,8973,73,9,Mar
511,Python Tutorial -  17. Class and Objects,2016-03-13,149354,1919,135,Mar
512,Julia Tutorial - 4. Strings,2016-03-02,6075,47,8,Mar
513,Julia Tutorial - 3. Complex and Rational Numbers,2016-02-28,8254,64,5,Feb
514,Python Tutorial  - 16. Exception Handling,2016-02-27,37548,311,24,Feb
515,Julia Tutorial - Why Should I Learn Julia Programming Language,2016-02-24,110235,905,64,Feb
516,"Python Tutorial - 15. if __name__ == ""__main__""",2016-02-20,72614,802,26,Feb
517,Julia Tutorial - 2. Numbers,2016-02-18,10864,74,5,Feb
518,Julia Tutorial - 1. Variables,2016-02-15,18414,104,9,Feb
519,Python Tutorial - 14. Working With JSON,2016-02-14,111566,1126,93,Feb
520,How to install Julia on Windows,2016-02-13,27008,152,12,Feb
521,Python Tutorial - 13. Reading/Writing Files,2016-02-07,134653,1565,112,Feb
522,Python Tutorial - 12. Modules,2016-01-31,41523,355,23,Jan
523,Python Tutorial - 11. Dictionaries and Tuples,2016-01-17,37871,390,37,Jan
524,Python Tutorial -  10. Functions,2016-01-10,43216,458,82,Jan
525,Python Tutorial - 9. For loop,2016-01-02,25138,217,57,Jan
526,Python Tutorial -  8. If Statement,2015-12-26,22619,172,23,Dec
527,PyCharm Tutorial - 7. Debug python code using PyCharm,2015-12-26,82689,628,63,Dec
528,Python Tutorial - 6. Install PyCharm on Windows,2015-12-24,20011,152,25,Dec
529,Python Tutorial - 5. Lists,2015-12-20,31953,304,53,Dec
530,Python Tutorial - 4. Strings,2015-12-20,28128,311,28,Dec
531,Python Tutorial - 3. Numbers,2015-12-20,31647,315,31,Dec
532,Python Tutorial - 2. Variables,2015-12-20,41664,324,25,Dec
533,Python Tutorial - 1. Install python on windows,2015-12-20,46470,358,15,Dec
